document_id,document_text,metadata
1,This document provides details about payment methods. Customers should follow the outlined procedures to ensure compliance. Requires proof of purchase.,Requires proof of purchase
2,This document provides details about troubleshooting steps. Customers should follow the outlined procedures to ensure compliance. Subject to availability.,Subject to availability
3,This document provides details about refund policy. Customers should follow the outlined procedures to ensure compliance. Limited to US customers.,Limited to US customers
4,This document provides details about product warranty. Customers should follow the outlined procedures to ensure compliance. Customer service contact required.,Customer service contact required
5,This document provides details about product warranty. Customers should follow the outlined procedures to ensure compliance. Requires account verification.,Requires account verification
6,This document provides details about return process. Customers should follow the outlined procedures to ensure compliance. May vary by region.,May vary by region
7,This document provides details about shipping information. Customers should follow the outlined procedures to ensure compliance. Subject to availability.,Subject to availability
8,This document provides details about account recovery. Customers should follow the outlined procedures to ensure compliance. Digital products only.,Digital products only
9,This document provides details about feature comparison. Customers should follow the outlined procedures to ensure compliance. New policy effective March 2024.,New policy effective March 2024
10,This document provides details about account recovery. Customers should follow the outlined procedures to ensure compliance. Updated for 2024.,Updated for 2024
11,This document provides details about refund policy. Customers should follow the outlined procedures to ensure compliance. Eligible for partial refunds only.,Eligible for partial refunds only
12,This document provides details about discount eligibility. Customers should follow the outlined procedures to ensure compliance. Updated for 2024.,Updated for 2024
13,This document provides details about technical support. Customers should follow the outlined procedures to ensure compliance. Updated for 2024.,Updated for 2024
14,This document provides details about product warranty. Customers should follow the outlined procedures to ensure compliance. New policy effective March 2024.,New policy effective March 2024
15,This document provides details about privacy policy. Customers should follow the outlined procedures to ensure compliance. Customer service contact required.,Customer service contact required
16,This document provides details about subscription cancellation. Customers should follow the outlined procedures to ensure compliance. Digital products only.,Digital products only
17,This document provides details about troubleshooting steps. Customers should follow the outlined procedures to ensure compliance. Subject to availability.,Subject to availability
18,This document provides details about technical support. Customers should follow the outlined procedures to ensure compliance. Requires proof of purchase.,Requires proof of purchase
19,This document provides details about shipping information. Customers should follow the outlined procedures to ensure compliance. Digital products only.,Digital products only
20,This document provides details about return process. Customers should follow the outlined procedures to ensure compliance. Digital products only.,Digital products only
21,This document provides details about product warranty. Customers should follow the outlined procedures to ensure compliance. Digital products only.,Digital products only
22,This document provides details about refund policy. Customers should follow the outlined procedures to ensure compliance. Requires proof of purchase.,Requires proof of purchase
23,This document provides details about refund policy. Customers should follow the outlined procedures to ensure compliance. May vary by region.,May vary by region
24,This document provides details about shipping information. Customers should follow the outlined procedures to ensure compliance. Subject to availability.,Subject to availability
25,This document provides details about shipping information. Customers should follow the outlined procedures to ensure compliance. Requires account verification.,Requires account verification
26,This document provides details about account recovery. Customers should follow the outlined procedures to ensure compliance. Eligible for partial refunds only.,Eligible for partial refunds only
27,This document provides details about ai chatbot usage. Customers should follow the outlined procedures to ensure compliance. Limited to US customers.,Limited to US customers
28,This document provides details about product warranty. Customers should follow the outlined procedures to ensure compliance. Subject to availability.,Subject to availability
29,This document provides details about subscription cancellation. Customers should follow the outlined procedures to ensure compliance. Includes international orders.,Includes international orders
30,This document provides details about shipping information. Customers should follow the outlined procedures to ensure compliance. Eligible for partial refunds only.,Eligible for partial refunds only
31,This document provides details about technical support. Customers should follow the outlined procedures to ensure compliance. Eligible for partial refunds only.,Eligible for partial refunds only
32,This document provides details about technical support. Customers should follow the outlined procedures to ensure compliance. Eligible for partial refunds only.,Eligible for partial refunds only
33,This document provides details about shipping information. Customers should follow the outlined procedures to ensure compliance. New policy effective March 2024.,New policy effective March 2024
34,This document provides details about terms of service. Customers should follow the outlined procedures to ensure compliance. Includes international orders.,Includes international orders
35,This document provides details about shipping information. Customers should follow the outlined procedures to ensure compliance. Digital products only.,Digital products only
36,This document provides details about product warranty. Customers should follow the outlined procedures to ensure compliance. Requires proof of purchase.,Requires proof of purchase
37,This document provides details about product warranty. Customers should follow the outlined procedures to ensure compliance. Requires account verification.,Requires account verification
38,This document provides details about privacy policy. Customers should follow the outlined procedures to ensure compliance. Includes international orders.,Includes international orders
39,This document provides details about ai chatbot usage. Customers should follow the outlined procedures to ensure compliance. Includes international orders.,Includes international orders
40,This document provides details about payment methods. Customers should follow the outlined procedures to ensure compliance. Limited to US customers.,Limited to US customers
41,This document provides details about return process. Customers should follow the outlined procedures to ensure compliance. Applies to premium members.,Applies to premium members
42,This document provides details about return process. Customers should follow the outlined procedures to ensure compliance. Requires account verification.,Requires account verification
43,This document provides details about ai chatbot usage. Customers should follow the outlined procedures to ensure compliance. Applies to premium members.,Applies to premium members
44,This document provides details about payment methods. Customers should follow the outlined procedures to ensure compliance. New policy effective March 2024.,New policy effective March 2024
45,This document provides details about payment methods. Customers should follow the outlined procedures to ensure compliance. Requires account verification.,Requires account verification
46,This document provides details about subscription cancellation. Customers should follow the outlined procedures to ensure compliance. New policy effective March 2024.,New policy effective March 2024
47,This document provides details about terms of service. Customers should follow the outlined procedures to ensure compliance. Eligible for partial refunds only.,Eligible for partial refunds only
48,This document provides details about refund policy. Customers should follow the outlined procedures to ensure compliance. Digital products only.,Digital products only
49,This document provides details about shipping information. Customers should follow the outlined procedures to ensure compliance. Customer service contact required.,Customer service contact required
50,This document provides details about product warranty. Customers should follow the outlined procedures to ensure compliance. Digital products only.,Digital products only
51,This document provides details about shipping information. Customers should follow the outlined procedures to ensure compliance. Digital products only.,Digital products only
52,This document provides details about product warranty. Customers should follow the outlined procedures to ensure compliance. Limited to US customers.,Limited to US customers
53,This document provides details about privacy policy. Customers should follow the outlined procedures to ensure compliance. Applies to premium members.,Applies to premium members
54,This document provides details about troubleshooting steps. Customers should follow the outlined procedures to ensure compliance. Subject to availability.,Subject to availability
55,This document provides details about product warranty. Customers should follow the outlined procedures to ensure compliance. Includes international orders.,Includes international orders
56,This document provides details about subscription cancellation. Customers should follow the outlined procedures to ensure compliance. Requires account verification.,Requires account verification
57,This document provides details about subscription cancellation. Customers should follow the outlined procedures to ensure compliance. Subject to availability.,Subject to availability
58,This document provides details about account recovery. Customers should follow the outlined procedures to ensure compliance. Requires proof of purchase.,Requires proof of purchase
59,This document provides details about shipping information. Customers should follow the outlined procedures to ensure compliance. Eligible for partial refunds only.,Eligible for partial refunds only
60,This document provides details about privacy policy. Customers should follow the outlined procedures to ensure compliance. Applies to premium members.,Applies to premium members
61,This document provides details about refund policy. Customers should follow the outlined procedures to ensure compliance. New policy effective March 2024.,New policy effective March 2024
62,This document provides details about subscription cancellation. Customers should follow the outlined procedures to ensure compliance. Digital products only.,Digital products only
63,This document provides details about ai chatbot usage. Customers should follow the outlined procedures to ensure compliance. Includes international orders.,Includes international orders
64,This document provides details about privacy policy. Customers should follow the outlined procedures to ensure compliance. New policy effective March 2024.,New policy effective March 2024
65,This document provides details about order tracking. Customers should follow the outlined procedures to ensure compliance. Eligible for partial refunds only.,Eligible for partial refunds only
66,This document provides details about return process. Customers should follow the outlined procedures to ensure compliance. Limited to US customers.,Limited to US customers
67,This document provides details about discount eligibility. Customers should follow the outlined procedures to ensure compliance. Requires account verification.,Requires account verification
68,This document provides details about terms of service. Customers should follow the outlined procedures to ensure compliance. New policy effective March 2024.,New policy effective March 2024
69,This document provides details about feature comparison. Customers should follow the outlined procedures to ensure compliance. May vary by region.,May vary by region
70,This document provides details about ai chatbot usage. Customers should follow the outlined procedures to ensure compliance. Requires account verification.,Requires account verification
71,This document provides details about order tracking. Customers should follow the outlined procedures to ensure compliance. Applies to premium members.,Applies to premium members
72,This document provides details about account recovery. Customers should follow the outlined procedures to ensure compliance. Applies to premium members.,Applies to premium members
73,This document provides details about technical support. Customers should follow the outlined procedures to ensure compliance. Applies to premium members.,Applies to premium members
74,This document provides details about account recovery. Customers should follow the outlined procedures to ensure compliance. Limited to US customers.,Limited to US customers
75,This document provides details about ai chatbot usage. Customers should follow the outlined procedures to ensure compliance. Applies to premium members.,Applies to premium members
76,This document provides details about product warranty. Customers should follow the outlined procedures to ensure compliance. Subject to availability.,Subject to availability
77,This document provides details about product warranty. Customers should follow the outlined procedures to ensure compliance. Subject to availability.,Subject to availability
78,This document provides details about troubleshooting steps. Customers should follow the outlined procedures to ensure compliance. Updated for 2024.,Updated for 2024
79,This document provides details about ai chatbot usage. Customers should follow the outlined procedures to ensure compliance. Requires account verification.,Requires account verification
80,This document provides details about feature comparison. Customers should follow the outlined procedures to ensure compliance. Updated for 2024.,Updated for 2024
81,This document provides details about technical support. Customers should follow the outlined procedures to ensure compliance. Applies to premium members.,Applies to premium members
82,This document provides details about feature comparison. Customers should follow the outlined procedures to ensure compliance. Includes international orders.,Includes international orders
83,This document provides details about account recovery. Customers should follow the outlined procedures to ensure compliance. Eligible for partial refunds only.,Eligible for partial refunds only
84,This document provides details about return process. Customers should follow the outlined procedures to ensure compliance. Customer service contact required.,Customer service contact required
85,This document provides details about payment methods. Customers should follow the outlined procedures to ensure compliance. Customer service contact required.,Customer service contact required
86,This document provides details about discount eligibility. Customers should follow the outlined procedures to ensure compliance. Includes international orders.,Includes international orders
87,This document provides details about ai chatbot usage. Customers should follow the outlined procedures to ensure compliance. Subject to availability.,Subject to availability
88,This document provides details about refund policy. Customers should follow the outlined procedures to ensure compliance. Customer service contact required.,Customer service contact required
89,This document provides details about feature comparison. Customers should follow the outlined procedures to ensure compliance. Applies to premium members.,Applies to premium members
90,This document provides details about refund policy. Customers should follow the outlined procedures to ensure compliance. Customer service contact required.,Customer service contact required
91,This document provides details about subscription cancellation. Customers should follow the outlined procedures to ensure compliance. Subject to availability.,Subject to availability
92,This document provides details about payment methods. Customers should follow the outlined procedures to ensure compliance. Eligible for partial refunds only.,Eligible for partial refunds only
93,This document provides details about troubleshooting steps. Customers should follow the outlined procedures to ensure compliance. Updated for 2024.,Updated for 2024
94,This document provides details about privacy policy. Customers should follow the outlined procedures to ensure compliance. Requires proof of purchase.,Requires proof of purchase
95,This document provides details about product warranty. Customers should follow the outlined procedures to ensure compliance. Subject to availability.,Subject to availability
96,This document provides details about security guidelines. Customers should follow the outlined procedures to ensure compliance. New policy effective March 2024.,New policy effective March 2024
97,This document provides details about shipping information. Customers should follow the outlined procedures to ensure compliance. Customer service contact required.,Customer service contact required
98,This document provides details about order tracking. Customers should follow the outlined procedures to ensure compliance. Requires account verification.,Requires account verification
99,This document provides details about product warranty. Customers should follow the outlined procedures to ensure compliance. Eligible for partial refunds only.,Eligible for partial refunds only
100,This document provides details about privacy policy. Customers should follow the outlined procedures to ensure compliance. May vary by region.,May vary by region
101,This document provides details about ai chatbot usage. Customers should follow the outlined procedures to ensure compliance. Digital products only.,Digital products only
102,This document provides details about product warranty. Customers should follow the outlined procedures to ensure compliance. Limited to US customers.,Limited to US customers
103,This document provides details about return process. Customers should follow the outlined procedures to ensure compliance. Eligible for partial refunds only.,Eligible for partial refunds only
104,This document provides details about privacy policy. Customers should follow the outlined procedures to ensure compliance. Applies to premium members.,Applies to premium members
105,This document provides details about account recovery. Customers should follow the outlined procedures to ensure compliance. May vary by region.,May vary by region
106,This document provides details about privacy policy. Customers should follow the outlined procedures to ensure compliance. Requires proof of purchase.,Requires proof of purchase
107,This document provides details about privacy policy. Customers should follow the outlined procedures to ensure compliance. Includes international orders.,Includes international orders
108,This document provides details about terms of service. Customers should follow the outlined procedures to ensure compliance. Requires proof of purchase.,Requires proof of purchase
109,This document provides details about terms of service. Customers should follow the outlined procedures to ensure compliance. New policy effective March 2024.,New policy effective March 2024
110,This document provides details about technical support. Customers should follow the outlined procedures to ensure compliance. Requires proof of purchase.,Requires proof of purchase
111,This document provides details about ai chatbot usage. Customers should follow the outlined procedures to ensure compliance. Eligible for partial refunds only.,Eligible for partial refunds only
112,This document provides details about technical support. Customers should follow the outlined procedures to ensure compliance. Subject to availability.,Subject to availability
113,This document provides details about ai chatbot usage. Customers should follow the outlined procedures to ensure compliance. Digital products only.,Digital products only
114,This document provides details about ai chatbot usage. Customers should follow the outlined procedures to ensure compliance. Limited to US customers.,Limited to US customers
115,This document provides details about shipping information. Customers should follow the outlined procedures to ensure compliance. Updated for 2024.,Updated for 2024
116,This document provides details about troubleshooting steps. Customers should follow the outlined procedures to ensure compliance. Requires proof of purchase.,Requires proof of purchase
117,This document provides details about privacy policy. Customers should follow the outlined procedures to ensure compliance. Digital products only.,Digital products only
118,This document provides details about terms of service. Customers should follow the outlined procedures to ensure compliance. Requires proof of purchase.,Requires proof of purchase
119,This document provides details about shipping information. Customers should follow the outlined procedures to ensure compliance. Digital products only.,Digital products only
120,This document provides details about account recovery. Customers should follow the outlined procedures to ensure compliance. Includes international orders.,Includes international orders
121,This document provides details about subscription cancellation. Customers should follow the outlined procedures to ensure compliance. Subject to availability.,Subject to availability
122,This document provides details about order tracking. Customers should follow the outlined procedures to ensure compliance. Digital products only.,Digital products only
123,This document provides details about shipping information. Customers should follow the outlined procedures to ensure compliance. Requires account verification.,Requires account verification
124,This document provides details about shipping information. Customers should follow the outlined procedures to ensure compliance. Applies to premium members.,Applies to premium members
125,This document provides details about discount eligibility. Customers should follow the outlined procedures to ensure compliance. Subject to availability.,Subject to availability
126,This document provides details about feature comparison. Customers should follow the outlined procedures to ensure compliance. Customer service contact required.,Customer service contact required
127,This document provides details about product warranty. Customers should follow the outlined procedures to ensure compliance. Digital products only.,Digital products only
128,This document provides details about refund policy. Customers should follow the outlined procedures to ensure compliance. May vary by region.,May vary by region
129,This document provides details about privacy policy. Customers should follow the outlined procedures to ensure compliance. Customer service contact required.,Customer service contact required
130,This document provides details about product warranty. Customers should follow the outlined procedures to ensure compliance. Requires account verification.,Requires account verification
131,This document provides details about ai chatbot usage. Customers should follow the outlined procedures to ensure compliance. Customer service contact required.,Customer service contact required
132,This document provides details about payment methods. Customers should follow the outlined procedures to ensure compliance. Requires proof of purchase.,Requires proof of purchase
133,This document provides details about feature comparison. Customers should follow the outlined procedures to ensure compliance. Applies to premium members.,Applies to premium members
134,This document provides details about discount eligibility. Customers should follow the outlined procedures to ensure compliance. Limited to US customers.,Limited to US customers
135,This document provides details about refund policy. Customers should follow the outlined procedures to ensure compliance. May vary by region.,May vary by region
136,This document provides details about return process. Customers should follow the outlined procedures to ensure compliance. Includes international orders.,Includes international orders
137,This document provides details about discount eligibility. Customers should follow the outlined procedures to ensure compliance. Includes international orders.,Includes international orders
138,This document provides details about discount eligibility. Customers should follow the outlined procedures to ensure compliance. Digital products only.,Digital products only
139,This document provides details about privacy policy. Customers should follow the outlined procedures to ensure compliance. Customer service contact required.,Customer service contact required
140,This document provides details about troubleshooting steps. Customers should follow the outlined procedures to ensure compliance. May vary by region.,May vary by region
141,This document provides details about privacy policy. Customers should follow the outlined procedures to ensure compliance. May vary by region.,May vary by region
142,This document provides details about feature comparison. Customers should follow the outlined procedures to ensure compliance. Limited to US customers.,Limited to US customers
143,This document provides details about subscription cancellation. Customers should follow the outlined procedures to ensure compliance. New policy effective March 2024.,New policy effective March 2024
144,This document provides details about security guidelines. Customers should follow the outlined procedures to ensure compliance. Requires account verification.,Requires account verification
145,This document provides details about subscription cancellation. Customers should follow the outlined procedures to ensure compliance. Requires proof of purchase.,Requires proof of purchase
146,This document provides details about technical support. Customers should follow the outlined procedures to ensure compliance. Applies to premium members.,Applies to premium members
147,This document provides details about return process. Customers should follow the outlined procedures to ensure compliance. Eligible for partial refunds only.,Eligible for partial refunds only
148,This document provides details about return process. Customers should follow the outlined procedures to ensure compliance. Subject to availability.,Subject to availability
149,This document provides details about shipping information. Customers should follow the outlined procedures to ensure compliance. Requires proof of purchase.,Requires proof of purchase
150,This document provides details about feature comparison. Customers should follow the outlined procedures to ensure compliance. New policy effective March 2024.,New policy effective March 2024
151,This document provides details about shipping information. Customers should follow the outlined procedures to ensure compliance. Requires proof of purchase.,Requires proof of purchase
152,This document provides details about security guidelines. Customers should follow the outlined procedures to ensure compliance. Eligible for partial refunds only.,Eligible for partial refunds only
153,This document provides details about security guidelines. Customers should follow the outlined procedures to ensure compliance. Includes international orders.,Includes international orders
154,This document provides details about feature comparison. Customers should follow the outlined procedures to ensure compliance. Customer service contact required.,Customer service contact required
155,This document provides details about discount eligibility. Customers should follow the outlined procedures to ensure compliance. Digital products only.,Digital products only
156,This document provides details about terms of service. Customers should follow the outlined procedures to ensure compliance. Eligible for partial refunds only.,Eligible for partial refunds only
157,This document provides details about shipping information. Customers should follow the outlined procedures to ensure compliance. Limited to US customers.,Limited to US customers
158,This document provides details about security guidelines. Customers should follow the outlined procedures to ensure compliance. Updated for 2024.,Updated for 2024
159,This document provides details about refund policy. Customers should follow the outlined procedures to ensure compliance. New policy effective March 2024.,New policy effective March 2024
160,This document provides details about technical support. Customers should follow the outlined procedures to ensure compliance. Limited to US customers.,Limited to US customers
161,This document provides details about technical support. Customers should follow the outlined procedures to ensure compliance. Customer service contact required.,Customer service contact required
162,This document provides details about refund policy. Customers should follow the outlined procedures to ensure compliance. Digital products only.,Digital products only
163,This document provides details about troubleshooting steps. Customers should follow the outlined procedures to ensure compliance. Includes international orders.,Includes international orders
164,This document provides details about shipping information. Customers should follow the outlined procedures to ensure compliance. Digital products only.,Digital products only
165,This document provides details about technical support. Customers should follow the outlined procedures to ensure compliance. Subject to availability.,Subject to availability
166,This document provides details about feature comparison. Customers should follow the outlined procedures to ensure compliance. Digital products only.,Digital products only
167,This document provides details about ai chatbot usage. Customers should follow the outlined procedures to ensure compliance. Applies to premium members.,Applies to premium members
168,This document provides details about order tracking. Customers should follow the outlined procedures to ensure compliance. Updated for 2024.,Updated for 2024
169,This document provides details about payment methods. Customers should follow the outlined procedures to ensure compliance. Includes international orders.,Includes international orders
170,This document provides details about shipping information. Customers should follow the outlined procedures to ensure compliance. May vary by region.,May vary by region
171,This document provides details about technical support. Customers should follow the outlined procedures to ensure compliance. Applies to premium members.,Applies to premium members
172,This document provides details about payment methods. Customers should follow the outlined procedures to ensure compliance. Customer service contact required.,Customer service contact required
173,This document provides details about payment methods. Customers should follow the outlined procedures to ensure compliance. Subject to availability.,Subject to availability
174,This document provides details about feature comparison. Customers should follow the outlined procedures to ensure compliance. Digital products only.,Digital products only
175,This document provides details about payment methods. Customers should follow the outlined procedures to ensure compliance. Requires account verification.,Requires account verification
176,This document provides details about privacy policy. Customers should follow the outlined procedures to ensure compliance. Digital products only.,Digital products only
177,This document provides details about return process. Customers should follow the outlined procedures to ensure compliance. Limited to US customers.,Limited to US customers
178,This document provides details about discount eligibility. Customers should follow the outlined procedures to ensure compliance. Eligible for partial refunds only.,Eligible for partial refunds only
179,This document provides details about privacy policy. Customers should follow the outlined procedures to ensure compliance. New policy effective March 2024.,New policy effective March 2024
180,This document provides details about refund policy. Customers should follow the outlined procedures to ensure compliance. May vary by region.,May vary by region
181,This document provides details about refund policy. Customers should follow the outlined procedures to ensure compliance. New policy effective March 2024.,New policy effective March 2024
182,This document provides details about return process. Customers should follow the outlined procedures to ensure compliance. Eligible for partial refunds only.,Eligible for partial refunds only
183,This document provides details about subscription cancellation. Customers should follow the outlined procedures to ensure compliance. New policy effective March 2024.,New policy effective March 2024
184,This document provides details about discount eligibility. Customers should follow the outlined procedures to ensure compliance. Includes international orders.,Includes international orders
185,This document provides details about feature comparison. Customers should follow the outlined procedures to ensure compliance. Includes international orders.,Includes international orders
186,This document provides details about refund policy. Customers should follow the outlined procedures to ensure compliance. Subject to availability.,Subject to availability
187,This document provides details about account recovery. Customers should follow the outlined procedures to ensure compliance. Limited to US customers.,Limited to US customers
188,This document provides details about order tracking. Customers should follow the outlined procedures to ensure compliance. Customer service contact required.,Customer service contact required
189,This document provides details about return process. Customers should follow the outlined procedures to ensure compliance. Updated for 2024.,Updated for 2024
190,This document provides details about subscription cancellation. Customers should follow the outlined procedures to ensure compliance. Limited to US customers.,Limited to US customers
191,This document provides details about troubleshooting steps. Customers should follow the outlined procedures to ensure compliance. New policy effective March 2024.,New policy effective March 2024
192,This document provides details about order tracking. Customers should follow the outlined procedures to ensure compliance. Updated for 2024.,Updated for 2024
193,This document provides details about return process. Customers should follow the outlined procedures to ensure compliance. Digital products only.,Digital products only
194,This document provides details about discount eligibility. Customers should follow the outlined procedures to ensure compliance. Subject to availability.,Subject to availability
195,This document provides details about privacy policy. Customers should follow the outlined procedures to ensure compliance. Requires account verification.,Requires account verification
196,This document provides details about account recovery. Customers should follow the outlined procedures to ensure compliance. Requires proof of purchase.,Requires proof of purchase
197,This document provides details about product warranty. Customers should follow the outlined procedures to ensure compliance. Digital products only.,Digital products only
198,This document provides details about product warranty. Customers should follow the outlined procedures to ensure compliance. New policy effective March 2024.,New policy effective March 2024
199,This document provides details about feature comparison. Customers should follow the outlined procedures to ensure compliance. Digital products only.,Digital products only
200,This document provides details about account recovery. Customers should follow the outlined procedures to ensure compliance. Eligible for partial refunds only.,Eligible for partial refunds only
201,This document provides details about terms of service. Customers should follow the outlined procedures to ensure compliance. New policy effective March 2024.,New policy effective March 2024
202,This document provides details about account recovery. Customers should follow the outlined procedures to ensure compliance. Customer service contact required.,Customer service contact required
203,This document provides details about account recovery. Customers should follow the outlined procedures to ensure compliance. Limited to US customers.,Limited to US customers
204,This document provides details about troubleshooting steps. Customers should follow the outlined procedures to ensure compliance. Requires proof of purchase.,Requires proof of purchase
205,This document provides details about technical support. Customers should follow the outlined procedures to ensure compliance. Limited to US customers.,Limited to US customers
206,This document provides details about privacy policy. Customers should follow the outlined procedures to ensure compliance. Subject to availability.,Subject to availability
207,This document provides details about subscription cancellation. Customers should follow the outlined procedures to ensure compliance. Subject to availability.,Subject to availability
208,This document provides details about feature comparison. Customers should follow the outlined procedures to ensure compliance. Requires account verification.,Requires account verification
209,This document provides details about troubleshooting steps. Customers should follow the outlined procedures to ensure compliance. Includes international orders.,Includes international orders
210,This document provides details about feature comparison. Customers should follow the outlined procedures to ensure compliance. New policy effective March 2024.,New policy effective March 2024
211,This document provides details about discount eligibility. Customers should follow the outlined procedures to ensure compliance. Digital products only.,Digital products only
212,This document provides details about order tracking. Customers should follow the outlined procedures to ensure compliance. Limited to US customers.,Limited to US customers
213,This document provides details about discount eligibility. Customers should follow the outlined procedures to ensure compliance. Requires account verification.,Requires account verification
214,This document provides details about discount eligibility. Customers should follow the outlined procedures to ensure compliance. Eligible for partial refunds only.,Eligible for partial refunds only
215,This document provides details about privacy policy. Customers should follow the outlined procedures to ensure compliance. Customer service contact required.,Customer service contact required
216,This document provides details about privacy policy. Customers should follow the outlined procedures to ensure compliance. New policy effective March 2024.,New policy effective March 2024
217,This document provides details about technical support. Customers should follow the outlined procedures to ensure compliance. May vary by region.,May vary by region
218,This document provides details about privacy policy. Customers should follow the outlined procedures to ensure compliance. Digital products only.,Digital products only
219,This document provides details about discount eligibility. Customers should follow the outlined procedures to ensure compliance. Requires proof of purchase.,Requires proof of purchase
220,This document provides details about terms of service. Customers should follow the outlined procedures to ensure compliance. Requires proof of purchase.,Requires proof of purchase
221,This document provides details about feature comparison. Customers should follow the outlined procedures to ensure compliance. May vary by region.,May vary by region
222,This document provides details about security guidelines. Customers should follow the outlined procedures to ensure compliance. New policy effective March 2024.,New policy effective March 2024
223,This document provides details about discount eligibility. Customers should follow the outlined procedures to ensure compliance. Digital products only.,Digital products only
224,This document provides details about shipping information. Customers should follow the outlined procedures to ensure compliance. Limited to US customers.,Limited to US customers
225,This document provides details about payment methods. Customers should follow the outlined procedures to ensure compliance. Updated for 2024.,Updated for 2024
226,This document provides details about feature comparison. Customers should follow the outlined procedures to ensure compliance. Eligible for partial refunds only.,Eligible for partial refunds only
227,This document provides details about order tracking. Customers should follow the outlined procedures to ensure compliance. Requires proof of purchase.,Requires proof of purchase
228,This document provides details about subscription cancellation. Customers should follow the outlined procedures to ensure compliance. Digital products only.,Digital products only
229,This document provides details about technical support. Customers should follow the outlined procedures to ensure compliance. Customer service contact required.,Customer service contact required
230,This document provides details about ai chatbot usage. Customers should follow the outlined procedures to ensure compliance. New policy effective March 2024.,New policy effective March 2024
231,This document provides details about account recovery. Customers should follow the outlined procedures to ensure compliance. Includes international orders.,Includes international orders
232,This document provides details about security guidelines. Customers should follow the outlined procedures to ensure compliance. Limited to US customers.,Limited to US customers
233,This document provides details about discount eligibility. Customers should follow the outlined procedures to ensure compliance. May vary by region.,May vary by region
234,This document provides details about return process. Customers should follow the outlined procedures to ensure compliance. May vary by region.,May vary by region
235,This document provides details about return process. Customers should follow the outlined procedures to ensure compliance. Customer service contact required.,Customer service contact required
236,This document provides details about account recovery. Customers should follow the outlined procedures to ensure compliance. Subject to availability.,Subject to availability
237,This document provides details about return process. Customers should follow the outlined procedures to ensure compliance. Digital products only.,Digital products only
238,This document provides details about feature comparison. Customers should follow the outlined procedures to ensure compliance. Subject to availability.,Subject to availability
239,This document provides details about refund policy. Customers should follow the outlined procedures to ensure compliance. Requires account verification.,Requires account verification
240,This document provides details about return process. Customers should follow the outlined procedures to ensure compliance. New policy effective March 2024.,New policy effective March 2024
241,This document provides details about product warranty. Customers should follow the outlined procedures to ensure compliance. Includes international orders.,Includes international orders
242,This document provides details about refund policy. Customers should follow the outlined procedures to ensure compliance. Requires proof of purchase.,Requires proof of purchase
243,This document provides details about discount eligibility. Customers should follow the outlined procedures to ensure compliance. Limited to US customers.,Limited to US customers
244,This document provides details about return process. Customers should follow the outlined procedures to ensure compliance. Subject to availability.,Subject to availability
245,This document provides details about troubleshooting steps. Customers should follow the outlined procedures to ensure compliance. Digital products only.,Digital products only
246,This document provides details about discount eligibility. Customers should follow the outlined procedures to ensure compliance. May vary by region.,May vary by region
247,This document provides details about refund policy. Customers should follow the outlined procedures to ensure compliance. Digital products only.,Digital products only
248,This document provides details about subscription cancellation. Customers should follow the outlined procedures to ensure compliance. Limited to US customers.,Limited to US customers
249,This document provides details about security guidelines. Customers should follow the outlined procedures to ensure compliance. Applies to premium members.,Applies to premium members
250,This document provides details about account recovery. Customers should follow the outlined procedures to ensure compliance. Limited to US customers.,Limited to US customers
251,This document provides details about feature comparison. Customers should follow the outlined procedures to ensure compliance. Customer service contact required.,Customer service contact required
252,This document provides details about shipping information. Customers should follow the outlined procedures to ensure compliance. Includes international orders.,Includes international orders
253,This document provides details about feature comparison. Customers should follow the outlined procedures to ensure compliance. Eligible for partial refunds only.,Eligible for partial refunds only
254,This document provides details about shipping information. Customers should follow the outlined procedures to ensure compliance. Subject to availability.,Subject to availability
255,This document provides details about feature comparison. Customers should follow the outlined procedures to ensure compliance. May vary by region.,May vary by region
256,This document provides details about technical support. Customers should follow the outlined procedures to ensure compliance. Digital products only.,Digital products only
257,This document provides details about account recovery. Customers should follow the outlined procedures to ensure compliance. Applies to premium members.,Applies to premium members
258,This document provides details about discount eligibility. Customers should follow the outlined procedures to ensure compliance. Limited to US customers.,Limited to US customers
259,This document provides details about privacy policy. Customers should follow the outlined procedures to ensure compliance. May vary by region.,May vary by region
260,This document provides details about payment methods. Customers should follow the outlined procedures to ensure compliance. Requires account verification.,Requires account verification
261,This document provides details about account recovery. Customers should follow the outlined procedures to ensure compliance. Limited to US customers.,Limited to US customers
262,This document provides details about ai chatbot usage. Customers should follow the outlined procedures to ensure compliance. Includes international orders.,Includes international orders
263,This document provides details about subscription cancellation. Customers should follow the outlined procedures to ensure compliance. Requires proof of purchase.,Requires proof of purchase
264,This document provides details about privacy policy. Customers should follow the outlined procedures to ensure compliance. Requires proof of purchase.,Requires proof of purchase
265,This document provides details about payment methods. Customers should follow the outlined procedures to ensure compliance. Digital products only.,Digital products only
266,This document provides details about refund policy. Customers should follow the outlined procedures to ensure compliance. Requires proof of purchase.,Requires proof of purchase
267,This document provides details about ai chatbot usage. Customers should follow the outlined procedures to ensure compliance. Digital products only.,Digital products only
268,This document provides details about product warranty. Customers should follow the outlined procedures to ensure compliance. Applies to premium members.,Applies to premium members
269,This document provides details about terms of service. Customers should follow the outlined procedures to ensure compliance. May vary by region.,May vary by region
270,This document provides details about discount eligibility. Customers should follow the outlined procedures to ensure compliance. Updated for 2024.,Updated for 2024
271,This document provides details about refund policy. Customers should follow the outlined procedures to ensure compliance. Includes international orders.,Includes international orders
272,This document provides details about payment methods. Customers should follow the outlined procedures to ensure compliance. Updated for 2024.,Updated for 2024
273,This document provides details about product warranty. Customers should follow the outlined procedures to ensure compliance. Updated for 2024.,Updated for 2024
274,This document provides details about subscription cancellation. Customers should follow the outlined procedures to ensure compliance. Requires proof of purchase.,Requires proof of purchase
275,This document provides details about terms of service. Customers should follow the outlined procedures to ensure compliance. Limited to US customers.,Limited to US customers
276,This document provides details about order tracking. Customers should follow the outlined procedures to ensure compliance. New policy effective March 2024.,New policy effective March 2024
277,This document provides details about discount eligibility. Customers should follow the outlined procedures to ensure compliance. Applies to premium members.,Applies to premium members
278,This document provides details about product warranty. Customers should follow the outlined procedures to ensure compliance. New policy effective March 2024.,New policy effective March 2024
279,This document provides details about order tracking. Customers should follow the outlined procedures to ensure compliance. Limited to US customers.,Limited to US customers
280,This document provides details about return process. Customers should follow the outlined procedures to ensure compliance. New policy effective March 2024.,New policy effective March 2024
281,This document provides details about feature comparison. Customers should follow the outlined procedures to ensure compliance. Limited to US customers.,Limited to US customers
282,This document provides details about ai chatbot usage. Customers should follow the outlined procedures to ensure compliance. Subject to availability.,Subject to availability
283,This document provides details about discount eligibility. Customers should follow the outlined procedures to ensure compliance. Digital products only.,Digital products only
284,This document provides details about troubleshooting steps. Customers should follow the outlined procedures to ensure compliance. Customer service contact required.,Customer service contact required
285,This document provides details about shipping information. Customers should follow the outlined procedures to ensure compliance. Limited to US customers.,Limited to US customers
286,This document provides details about technical support. Customers should follow the outlined procedures to ensure compliance. Updated for 2024.,Updated for 2024
287,This document provides details about troubleshooting steps. Customers should follow the outlined procedures to ensure compliance. May vary by region.,May vary by region
288,This document provides details about refund policy. Customers should follow the outlined procedures to ensure compliance. Limited to US customers.,Limited to US customers
289,This document provides details about subscription cancellation. Customers should follow the outlined procedures to ensure compliance. Requires account verification.,Requires account verification
290,This document provides details about product warranty. Customers should follow the outlined procedures to ensure compliance. Applies to premium members.,Applies to premium members
291,This document provides details about product warranty. Customers should follow the outlined procedures to ensure compliance. New policy effective March 2024.,New policy effective March 2024
292,This document provides details about terms of service. Customers should follow the outlined procedures to ensure compliance. Includes international orders.,Includes international orders
293,This document provides details about product warranty. Customers should follow the outlined procedures to ensure compliance. New policy effective March 2024.,New policy effective March 2024
294,This document provides details about order tracking. Customers should follow the outlined procedures to ensure compliance. Digital products only.,Digital products only
295,This document provides details about security guidelines. Customers should follow the outlined procedures to ensure compliance. May vary by region.,May vary by region
296,This document provides details about discount eligibility. Customers should follow the outlined procedures to ensure compliance. New policy effective March 2024.,New policy effective March 2024
297,This document provides details about terms of service. Customers should follow the outlined procedures to ensure compliance. Subject to availability.,Subject to availability
298,This document provides details about troubleshooting steps. Customers should follow the outlined procedures to ensure compliance. Eligible for partial refunds only.,Eligible for partial refunds only
299,This document provides details about feature comparison. Customers should follow the outlined procedures to ensure compliance. Requires account verification.,Requires account verification
300,This document provides details about return process. Customers should follow the outlined procedures to ensure compliance. Eligible for partial refunds only.,Eligible for partial refunds only
301,This document provides details about feature comparison. Customers should follow the outlined procedures to ensure compliance. Requires proof of purchase.,Requires proof of purchase
302,This document provides details about refund policy. Customers should follow the outlined procedures to ensure compliance. Requires proof of purchase.,Requires proof of purchase
303,This document provides details about troubleshooting steps. Customers should follow the outlined procedures to ensure compliance. Requires account verification.,Requires account verification
304,This document provides details about return process. Customers should follow the outlined procedures to ensure compliance. Applies to premium members.,Applies to premium members
305,This document provides details about security guidelines. Customers should follow the outlined procedures to ensure compliance. Updated for 2024.,Updated for 2024
306,This document provides details about payment methods. Customers should follow the outlined procedures to ensure compliance. Requires account verification.,Requires account verification
307,This document provides details about terms of service. Customers should follow the outlined procedures to ensure compliance. Digital products only.,Digital products only
308,This document provides details about subscription cancellation. Customers should follow the outlined procedures to ensure compliance. Requires proof of purchase.,Requires proof of purchase
309,This document provides details about payment methods. Customers should follow the outlined procedures to ensure compliance. Customer service contact required.,Customer service contact required
310,This document provides details about subscription cancellation. Customers should follow the outlined procedures to ensure compliance. Digital products only.,Digital products only
311,This document provides details about ai chatbot usage. Customers should follow the outlined procedures to ensure compliance. Applies to premium members.,Applies to premium members
312,This document provides details about refund policy. Customers should follow the outlined procedures to ensure compliance. May vary by region.,May vary by region
313,This document provides details about technical support. Customers should follow the outlined procedures to ensure compliance. Digital products only.,Digital products only
314,This document provides details about technical support. Customers should follow the outlined procedures to ensure compliance. Updated for 2024.,Updated for 2024
315,This document provides details about discount eligibility. Customers should follow the outlined procedures to ensure compliance. Updated for 2024.,Updated for 2024
316,This document provides details about payment methods. Customers should follow the outlined procedures to ensure compliance. New policy effective March 2024.,New policy effective March 2024
317,This document provides details about shipping information. Customers should follow the outlined procedures to ensure compliance. Requires proof of purchase.,Requires proof of purchase
318,This document provides details about return process. Customers should follow the outlined procedures to ensure compliance. Subject to availability.,Subject to availability
319,This document provides details about order tracking. Customers should follow the outlined procedures to ensure compliance. Eligible for partial refunds only.,Eligible for partial refunds only
320,This document provides details about security guidelines. Customers should follow the outlined procedures to ensure compliance. May vary by region.,May vary by region
321,This document provides details about discount eligibility. Customers should follow the outlined procedures to ensure compliance. Limited to US customers.,Limited to US customers
322,This document provides details about ai chatbot usage. Customers should follow the outlined procedures to ensure compliance. Digital products only.,Digital products only
323,This document provides details about security guidelines. Customers should follow the outlined procedures to ensure compliance. May vary by region.,May vary by region
324,This document provides details about order tracking. Customers should follow the outlined procedures to ensure compliance. Includes international orders.,Includes international orders
325,This document provides details about account recovery. Customers should follow the outlined procedures to ensure compliance. Eligible for partial refunds only.,Eligible for partial refunds only
326,This document provides details about account recovery. Customers should follow the outlined procedures to ensure compliance. Digital products only.,Digital products only
327,This document provides details about shipping information. Customers should follow the outlined procedures to ensure compliance. May vary by region.,May vary by region
328,This document provides details about payment methods. Customers should follow the outlined procedures to ensure compliance. Subject to availability.,Subject to availability
329,This document provides details about shipping information. Customers should follow the outlined procedures to ensure compliance. Customer service contact required.,Customer service contact required
330,This document provides details about security guidelines. Customers should follow the outlined procedures to ensure compliance. May vary by region.,May vary by region
331,This document provides details about discount eligibility. Customers should follow the outlined procedures to ensure compliance. Eligible for partial refunds only.,Eligible for partial refunds only
332,This document provides details about discount eligibility. Customers should follow the outlined procedures to ensure compliance. Limited to US customers.,Limited to US customers
333,This document provides details about product warranty. Customers should follow the outlined procedures to ensure compliance. Subject to availability.,Subject to availability
334,This document provides details about terms of service. Customers should follow the outlined procedures to ensure compliance. Limited to US customers.,Limited to US customers
335,This document provides details about shipping information. Customers should follow the outlined procedures to ensure compliance. Subject to availability.,Subject to availability
336,This document provides details about account recovery. Customers should follow the outlined procedures to ensure compliance. Digital products only.,Digital products only
337,This document provides details about shipping information. Customers should follow the outlined procedures to ensure compliance. New policy effective March 2024.,New policy effective March 2024
338,This document provides details about terms of service. Customers should follow the outlined procedures to ensure compliance. Includes international orders.,Includes international orders
339,This document provides details about security guidelines. Customers should follow the outlined procedures to ensure compliance. Eligible for partial refunds only.,Eligible for partial refunds only
340,This document provides details about security guidelines. Customers should follow the outlined procedures to ensure compliance. Digital products only.,Digital products only
341,This document provides details about troubleshooting steps. Customers should follow the outlined procedures to ensure compliance. Digital products only.,Digital products only
342,This document provides details about refund policy. Customers should follow the outlined procedures to ensure compliance. Limited to US customers.,Limited to US customers
343,This document provides details about product warranty. Customers should follow the outlined procedures to ensure compliance. Digital products only.,Digital products only
344,This document provides details about privacy policy. Customers should follow the outlined procedures to ensure compliance. May vary by region.,May vary by region
345,This document provides details about technical support. Customers should follow the outlined procedures to ensure compliance. Subject to availability.,Subject to availability
346,This document provides details about ai chatbot usage. Customers should follow the outlined procedures to ensure compliance. Eligible for partial refunds only.,Eligible for partial refunds only
347,This document provides details about technical support. Customers should follow the outlined procedures to ensure compliance. New policy effective March 2024.,New policy effective March 2024
348,This document provides details about account recovery. Customers should follow the outlined procedures to ensure compliance. Limited to US customers.,Limited to US customers
349,This document provides details about troubleshooting steps. Customers should follow the outlined procedures to ensure compliance. Digital products only.,Digital products only
350,This document provides details about security guidelines. Customers should follow the outlined procedures to ensure compliance. Requires account verification.,Requires account verification
351,This document provides details about shipping information. Customers should follow the outlined procedures to ensure compliance. Customer service contact required.,Customer service contact required
352,This document provides details about account recovery. Customers should follow the outlined procedures to ensure compliance. Includes international orders.,Includes international orders
353,This document provides details about product warranty. Customers should follow the outlined procedures to ensure compliance. Requires account verification.,Requires account verification
354,This document provides details about discount eligibility. Customers should follow the outlined procedures to ensure compliance. May vary by region.,May vary by region
355,This document provides details about subscription cancellation. Customers should follow the outlined procedures to ensure compliance. Requires account verification.,Requires account verification
356,This document provides details about account recovery. Customers should follow the outlined procedures to ensure compliance. Requires proof of purchase.,Requires proof of purchase
357,This document provides details about return process. Customers should follow the outlined procedures to ensure compliance. Requires account verification.,Requires account verification
358,This document provides details about feature comparison. Customers should follow the outlined procedures to ensure compliance. Customer service contact required.,Customer service contact required
359,This document provides details about account recovery. Customers should follow the outlined procedures to ensure compliance. Eligible for partial refunds only.,Eligible for partial refunds only
360,This document provides details about terms of service. Customers should follow the outlined procedures to ensure compliance. Applies to premium members.,Applies to premium members
361,This document provides details about privacy policy. Customers should follow the outlined procedures to ensure compliance. Limited to US customers.,Limited to US customers
362,This document provides details about ai chatbot usage. Customers should follow the outlined procedures to ensure compliance. Digital products only.,Digital products only
363,This document provides details about order tracking. Customers should follow the outlined procedures to ensure compliance. Requires account verification.,Requires account verification
364,This document provides details about product warranty. Customers should follow the outlined procedures to ensure compliance. Applies to premium members.,Applies to premium members
365,This document provides details about technical support. Customers should follow the outlined procedures to ensure compliance. Includes international orders.,Includes international orders
366,This document provides details about product warranty. Customers should follow the outlined procedures to ensure compliance. Requires account verification.,Requires account verification
367,This document provides details about shipping information. Customers should follow the outlined procedures to ensure compliance. Customer service contact required.,Customer service contact required
368,This document provides details about security guidelines. Customers should follow the outlined procedures to ensure compliance. Requires account verification.,Requires account verification
369,This document provides details about shipping information. Customers should follow the outlined procedures to ensure compliance. Digital products only.,Digital products only
370,This document provides details about technical support. Customers should follow the outlined procedures to ensure compliance. Requires account verification.,Requires account verification
371,This document provides details about refund policy. Customers should follow the outlined procedures to ensure compliance. Customer service contact required.,Customer service contact required
372,This document provides details about terms of service. Customers should follow the outlined procedures to ensure compliance. Updated for 2024.,Updated for 2024
373,This document provides details about privacy policy. Customers should follow the outlined procedures to ensure compliance. Applies to premium members.,Applies to premium members
374,This document provides details about feature comparison. Customers should follow the outlined procedures to ensure compliance. New policy effective March 2024.,New policy effective March 2024
375,This document provides details about troubleshooting steps. Customers should follow the outlined procedures to ensure compliance. Digital products only.,Digital products only
376,This document provides details about technical support. Customers should follow the outlined procedures to ensure compliance. Digital products only.,Digital products only
377,This document provides details about technical support. Customers should follow the outlined procedures to ensure compliance. Eligible for partial refunds only.,Eligible for partial refunds only
378,This document provides details about order tracking. Customers should follow the outlined procedures to ensure compliance. May vary by region.,May vary by region
379,This document provides details about return process. Customers should follow the outlined procedures to ensure compliance. Requires account verification.,Requires account verification
380,This document provides details about refund policy. Customers should follow the outlined procedures to ensure compliance. Applies to premium members.,Applies to premium members
381,This document provides details about product warranty. Customers should follow the outlined procedures to ensure compliance. May vary by region.,May vary by region
382,This document provides details about technical support. Customers should follow the outlined procedures to ensure compliance. New policy effective March 2024.,New policy effective March 2024
383,This document provides details about security guidelines. Customers should follow the outlined procedures to ensure compliance. Updated for 2024.,Updated for 2024
384,This document provides details about terms of service. Customers should follow the outlined procedures to ensure compliance. Digital products only.,Digital products only
385,This document provides details about privacy policy. Customers should follow the outlined procedures to ensure compliance. Subject to availability.,Subject to availability
386,This document provides details about discount eligibility. Customers should follow the outlined procedures to ensure compliance. New policy effective March 2024.,New policy effective March 2024
387,This document provides details about order tracking. Customers should follow the outlined procedures to ensure compliance. Requires proof of purchase.,Requires proof of purchase
388,This document provides details about privacy policy. Customers should follow the outlined procedures to ensure compliance. Subject to availability.,Subject to availability
389,This document provides details about discount eligibility. Customers should follow the outlined procedures to ensure compliance. Customer service contact required.,Customer service contact required
390,This document provides details about troubleshooting steps. Customers should follow the outlined procedures to ensure compliance. May vary by region.,May vary by region
391,This document provides details about product warranty. Customers should follow the outlined procedures to ensure compliance. Requires proof of purchase.,Requires proof of purchase
392,This document provides details about feature comparison. Customers should follow the outlined procedures to ensure compliance. Limited to US customers.,Limited to US customers
393,This document provides details about product warranty. Customers should follow the outlined procedures to ensure compliance. Requires proof of purchase.,Requires proof of purchase
394,This document provides details about refund policy. Customers should follow the outlined procedures to ensure compliance. Updated for 2024.,Updated for 2024
395,This document provides details about feature comparison. Customers should follow the outlined procedures to ensure compliance. New policy effective March 2024.,New policy effective March 2024
396,This document provides details about account recovery. Customers should follow the outlined procedures to ensure compliance. New policy effective March 2024.,New policy effective March 2024
397,This document provides details about feature comparison. Customers should follow the outlined procedures to ensure compliance. Requires proof of purchase.,Requires proof of purchase
398,This document provides details about subscription cancellation. Customers should follow the outlined procedures to ensure compliance. May vary by region.,May vary by region
399,This document provides details about shipping information. Customers should follow the outlined procedures to ensure compliance. Digital products only.,Digital products only
400,This document provides details about ai chatbot usage. Customers should follow the outlined procedures to ensure compliance. Customer service contact required.,Customer service contact required
401,This document provides details about return process. Customers should follow the outlined procedures to ensure compliance. Eligible for partial refunds only.,Eligible for partial refunds only
402,This document provides details about terms of service. Customers should follow the outlined procedures to ensure compliance. Applies to premium members.,Applies to premium members
403,This document provides details about refund policy. Customers should follow the outlined procedures to ensure compliance. Applies to premium members.,Applies to premium members
404,This document provides details about order tracking. Customers should follow the outlined procedures to ensure compliance. Limited to US customers.,Limited to US customers
405,This document provides details about account recovery. Customers should follow the outlined procedures to ensure compliance. New policy effective March 2024.,New policy effective March 2024
406,This document provides details about discount eligibility. Customers should follow the outlined procedures to ensure compliance. Applies to premium members.,Applies to premium members
407,This document provides details about product warranty. Customers should follow the outlined procedures to ensure compliance. Requires account verification.,Requires account verification
408,This document provides details about security guidelines. Customers should follow the outlined procedures to ensure compliance. Subject to availability.,Subject to availability
409,This document provides details about order tracking. Customers should follow the outlined procedures to ensure compliance. Requires proof of purchase.,Requires proof of purchase
410,This document provides details about troubleshooting steps. Customers should follow the outlined procedures to ensure compliance. Requires account verification.,Requires account verification
411,This document provides details about feature comparison. Customers should follow the outlined procedures to ensure compliance. New policy effective March 2024.,New policy effective March 2024
412,This document provides details about refund policy. Customers should follow the outlined procedures to ensure compliance. May vary by region.,May vary by region
413,This document provides details about return process. Customers should follow the outlined procedures to ensure compliance. May vary by region.,May vary by region
414,This document provides details about shipping information. Customers should follow the outlined procedures to ensure compliance. Digital products only.,Digital products only
415,This document provides details about feature comparison. Customers should follow the outlined procedures to ensure compliance. New policy effective March 2024.,New policy effective March 2024
416,This document provides details about ai chatbot usage. Customers should follow the outlined procedures to ensure compliance. May vary by region.,May vary by region
417,This document provides details about privacy policy. Customers should follow the outlined procedures to ensure compliance. Limited to US customers.,Limited to US customers
418,This document provides details about payment methods. Customers should follow the outlined procedures to ensure compliance. May vary by region.,May vary by region
419,This document provides details about shipping information. Customers should follow the outlined procedures to ensure compliance. Requires proof of purchase.,Requires proof of purchase
420,This document provides details about refund policy. Customers should follow the outlined procedures to ensure compliance. Requires account verification.,Requires account verification
421,This document provides details about subscription cancellation. Customers should follow the outlined procedures to ensure compliance. Customer service contact required.,Customer service contact required
422,This document provides details about subscription cancellation. Customers should follow the outlined procedures to ensure compliance. Eligible for partial refunds only.,Eligible for partial refunds only
423,This document provides details about feature comparison. Customers should follow the outlined procedures to ensure compliance. Eligible for partial refunds only.,Eligible for partial refunds only
424,This document provides details about product warranty. Customers should follow the outlined procedures to ensure compliance. Requires account verification.,Requires account verification
425,This document provides details about ai chatbot usage. Customers should follow the outlined procedures to ensure compliance. New policy effective March 2024.,New policy effective March 2024
426,This document provides details about subscription cancellation. Customers should follow the outlined procedures to ensure compliance. Limited to US customers.,Limited to US customers
427,This document provides details about product warranty. Customers should follow the outlined procedures to ensure compliance. Requires account verification.,Requires account verification
428,This document provides details about refund policy. Customers should follow the outlined procedures to ensure compliance. Requires proof of purchase.,Requires proof of purchase
429,This document provides details about security guidelines. Customers should follow the outlined procedures to ensure compliance. Includes international orders.,Includes international orders
430,This document provides details about technical support. Customers should follow the outlined procedures to ensure compliance. Eligible for partial refunds only.,Eligible for partial refunds only
431,This document provides details about subscription cancellation. Customers should follow the outlined procedures to ensure compliance. Includes international orders.,Includes international orders
432,This document provides details about subscription cancellation. Customers should follow the outlined procedures to ensure compliance. Eligible for partial refunds only.,Eligible for partial refunds only
433,This document provides details about account recovery. Customers should follow the outlined procedures to ensure compliance. Customer service contact required.,Customer service contact required
434,This document provides details about discount eligibility. Customers should follow the outlined procedures to ensure compliance. Subject to availability.,Subject to availability
435,This document provides details about privacy policy. Customers should follow the outlined procedures to ensure compliance. Requires account verification.,Requires account verification
436,This document provides details about ai chatbot usage. Customers should follow the outlined procedures to ensure compliance. Applies to premium members.,Applies to premium members
437,This document provides details about account recovery. Customers should follow the outlined procedures to ensure compliance. Updated for 2024.,Updated for 2024
438,This document provides details about security guidelines. Customers should follow the outlined procedures to ensure compliance. Subject to availability.,Subject to availability
439,This document provides details about account recovery. Customers should follow the outlined procedures to ensure compliance. Customer service contact required.,Customer service contact required
440,This document provides details about product warranty. Customers should follow the outlined procedures to ensure compliance. Customer service contact required.,Customer service contact required
441,This document provides details about terms of service. Customers should follow the outlined procedures to ensure compliance. Subject to availability.,Subject to availability
442,This document provides details about troubleshooting steps. Customers should follow the outlined procedures to ensure compliance. May vary by region.,May vary by region
443,This document provides details about technical support. Customers should follow the outlined procedures to ensure compliance. Digital products only.,Digital products only
444,This document provides details about product warranty. Customers should follow the outlined procedures to ensure compliance. Requires proof of purchase.,Requires proof of purchase
445,This document provides details about discount eligibility. Customers should follow the outlined procedures to ensure compliance. Applies to premium members.,Applies to premium members
446,This document provides details about payment methods. Customers should follow the outlined procedures to ensure compliance. Updated for 2024.,Updated for 2024
447,This document provides details about order tracking. Customers should follow the outlined procedures to ensure compliance. Eligible for partial refunds only.,Eligible for partial refunds only
448,This document provides details about security guidelines. Customers should follow the outlined procedures to ensure compliance. Limited to US customers.,Limited to US customers
449,This document provides details about discount eligibility. Customers should follow the outlined procedures to ensure compliance. Digital products only.,Digital products only
450,This document provides details about ai chatbot usage. Customers should follow the outlined procedures to ensure compliance. Includes international orders.,Includes international orders
451,This document provides details about feature comparison. Customers should follow the outlined procedures to ensure compliance. Applies to premium members.,Applies to premium members
452,This document provides details about privacy policy. Customers should follow the outlined procedures to ensure compliance. Applies to premium members.,Applies to premium members
453,This document provides details about return process. Customers should follow the outlined procedures to ensure compliance. Digital products only.,Digital products only
454,This document provides details about security guidelines. Customers should follow the outlined procedures to ensure compliance. Limited to US customers.,Limited to US customers
455,This document provides details about order tracking. Customers should follow the outlined procedures to ensure compliance. Eligible for partial refunds only.,Eligible for partial refunds only
456,This document provides details about subscription cancellation. Customers should follow the outlined procedures to ensure compliance. New policy effective March 2024.,New policy effective March 2024
457,This document provides details about account recovery. Customers should follow the outlined procedures to ensure compliance. Subject to availability.,Subject to availability
458,This document provides details about security guidelines. Customers should follow the outlined procedures to ensure compliance. Applies to premium members.,Applies to premium members
459,This document provides details about subscription cancellation. Customers should follow the outlined procedures to ensure compliance. New policy effective March 2024.,New policy effective March 2024
460,This document provides details about order tracking. Customers should follow the outlined procedures to ensure compliance. Digital products only.,Digital products only
461,This document provides details about terms of service. Customers should follow the outlined procedures to ensure compliance. Requires account verification.,Requires account verification
462,This document provides details about technical support. Customers should follow the outlined procedures to ensure compliance. New policy effective March 2024.,New policy effective March 2024
463,This document provides details about terms of service. Customers should follow the outlined procedures to ensure compliance. May vary by region.,May vary by region
464,This document provides details about account recovery. Customers should follow the outlined procedures to ensure compliance. May vary by region.,May vary by region
465,This document provides details about return process. Customers should follow the outlined procedures to ensure compliance. Customer service contact required.,Customer service contact required
466,This document provides details about subscription cancellation. Customers should follow the outlined procedures to ensure compliance. New policy effective March 2024.,New policy effective March 2024
467,This document provides details about security guidelines. Customers should follow the outlined procedures to ensure compliance. Updated for 2024.,Updated for 2024
468,This document provides details about technical support. Customers should follow the outlined procedures to ensure compliance. Includes international orders.,Includes international orders
469,This document provides details about shipping information. Customers should follow the outlined procedures to ensure compliance. Digital products only.,Digital products only
470,This document provides details about ai chatbot usage. Customers should follow the outlined procedures to ensure compliance. Requires account verification.,Requires account verification
471,This document provides details about terms of service. Customers should follow the outlined procedures to ensure compliance. Includes international orders.,Includes international orders
472,This document provides details about product warranty. Customers should follow the outlined procedures to ensure compliance. Digital products only.,Digital products only
473,This document provides details about troubleshooting steps. Customers should follow the outlined procedures to ensure compliance. Customer service contact required.,Customer service contact required
474,This document provides details about return process. Customers should follow the outlined procedures to ensure compliance. New policy effective March 2024.,New policy effective March 2024
475,This document provides details about feature comparison. Customers should follow the outlined procedures to ensure compliance. Updated for 2024.,Updated for 2024
476,This document provides details about order tracking. Customers should follow the outlined procedures to ensure compliance. Limited to US customers.,Limited to US customers
477,This document provides details about return process. Customers should follow the outlined procedures to ensure compliance. Customer service contact required.,Customer service contact required
478,This document provides details about terms of service. Customers should follow the outlined procedures to ensure compliance. Requires proof of purchase.,Requires proof of purchase
479,This document provides details about account recovery. Customers should follow the outlined procedures to ensure compliance. May vary by region.,May vary by region
480,This document provides details about account recovery. Customers should follow the outlined procedures to ensure compliance. Limited to US customers.,Limited to US customers
481,This document provides details about terms of service. Customers should follow the outlined procedures to ensure compliance. Digital products only.,Digital products only
482,This document provides details about feature comparison. Customers should follow the outlined procedures to ensure compliance. May vary by region.,May vary by region
483,This document provides details about product warranty. Customers should follow the outlined procedures to ensure compliance. Requires account verification.,Requires account verification
484,This document provides details about security guidelines. Customers should follow the outlined procedures to ensure compliance. Updated for 2024.,Updated for 2024
485,This document provides details about feature comparison. Customers should follow the outlined procedures to ensure compliance. May vary by region.,May vary by region
486,This document provides details about terms of service. Customers should follow the outlined procedures to ensure compliance. Customer service contact required.,Customer service contact required
487,This document provides details about ai chatbot usage. Customers should follow the outlined procedures to ensure compliance. Eligible for partial refunds only.,Eligible for partial refunds only
488,This document provides details about subscription cancellation. Customers should follow the outlined procedures to ensure compliance. Requires account verification.,Requires account verification
489,This document provides details about discount eligibility. Customers should follow the outlined procedures to ensure compliance. Limited to US customers.,Limited to US customers
490,This document provides details about refund policy. Customers should follow the outlined procedures to ensure compliance. Subject to availability.,Subject to availability
491,This document provides details about return process. Customers should follow the outlined procedures to ensure compliance. New policy effective March 2024.,New policy effective March 2024
492,This document provides details about order tracking. Customers should follow the outlined procedures to ensure compliance. Includes international orders.,Includes international orders
493,This document provides details about technical support. Customers should follow the outlined procedures to ensure compliance. Applies to premium members.,Applies to premium members
494,This document provides details about feature comparison. Customers should follow the outlined procedures to ensure compliance. Digital products only.,Digital products only
495,This document provides details about terms of service. Customers should follow the outlined procedures to ensure compliance. Requires account verification.,Requires account verification
496,This document provides details about account recovery. Customers should follow the outlined procedures to ensure compliance. Updated for 2024.,Updated for 2024
497,This document provides details about return process. Customers should follow the outlined procedures to ensure compliance. Eligible for partial refunds only.,Eligible for partial refunds only
498,This document provides details about account recovery. Customers should follow the outlined procedures to ensure compliance. May vary by region.,May vary by region
499,This document provides details about account recovery. Customers should follow the outlined procedures to ensure compliance. Updated for 2024.,Updated for 2024
500,This document provides details about troubleshooting steps. Customers should follow the outlined procedures to ensure compliance. Requires account verification.,Requires account verification
501,This is a test embedding marker phrase,embedding_validation_marker
